{
  "accuracy_percent": 84.6911,
  "macro_precision": 0.8475192561702611,
  "macro_recall": 0.7130072566378945,
  "macro_f1": 0.7478407617852193,
  "n_test": 3253,
  "device": "cuda (Tesla T4)",
  "model_path": "/content/Remix-fnd/benchmark_runs/20260322T135702Z/baseline_veracity/best_model.pt",
  "test_data": "/content/Remix-fnd/data/processed/fakenewsnet/test.json",
  "sklearn_report": {
    "0": {
      "precision": 0.8466972801130342,
      "recall": 0.9739943112555871,
      "f1-score": 0.9058956916099773,
      "support": 2461.0
    },
    "1": {
      "precision": 0.8483412322274881,
      "recall": 0.45202020202020204,
      "f1-score": 0.5897858319604613,
      "support": 792.0
    },
    "accuracy": 0.8469105441131264,
    "macro avg": {
      "precision": 0.8475192561702611,
      "recall": 0.7130072566378945,
      "f1-score": 0.7478407617852193,
      "support": 3253.0
    },
    "weighted avg": {
      "precision": 0.8470975291369037,
      "recall": 0.8469105441131264,
      "f1-score": 0.8289331927343497,
      "support": 3253.0
    }
  }
}