{
  "accuracy_percent": 85.9514,
  "macro_precision": 0.8209465190246201,
  "macro_recall": 0.7795647453814865,
  "macro_f1": 0.7967193321067749,
  "n_test": 3253,
  "device": "cuda (Tesla T4)",
  "model_path": "/content/Remix-fnd/benchmark_runs/20260321T191615Z/dann_veracity/best_model.pt",
  "test_data": "/content/Remix-fnd/data/processed/fakenewsnet/test.json",
  "sklearn_report": {
    "0": {
      "precision": 0.8853846153846154,
      "recall": 0.9353921170255993,
      "f1-score": 0.9097016399920964,
      "support": 2461.0
    },
    "1": {
      "precision": 0.7565084226646248,
      "recall": 0.6237373737373737,
      "f1-score": 0.6837370242214533,
      "support": 792.0
    },
    "accuracy": 0.859514294497387,
    "macro avg": {
      "precision": 0.8209465190246201,
      "recall": 0.7795647453814865,
      "f1-score": 0.7967193321067749,
      "support": 3253.0
    },
    "weighted avg": {
      "precision": 0.8540074421186356,
      "recall": 0.859514294497387,
      "f1-score": 0.8546865844463389,
      "support": 3253.0
    }
  }
}