{
  "accuracy_percent": 85.7362,
  "macro_precision": 0.8184386285554135,
  "macro_recall": 0.7751455534622946,
  "macro_f1": 0.7928873852463245,
  "n_test": 3253,
  "device": "cuda (Tesla T4)",
  "model_path": "/content/Remix-fnd/benchmark_runs/20260321T191615Z/baseline_veracity/best_model.pt",
  "test_data": "/content/Remix-fnd/data/processed/fakenewsnet/test.json",
  "sklearn_report": {
    "0": {
      "precision": 0.8830072880705792,
      "recall": 0.9353921170255993,
      "f1-score": 0.9084451460142068,
      "support": 2461.0
    },
    "1": {
      "precision": 0.7538699690402477,
      "recall": 0.61489898989899,
      "f1-score": 0.6773296244784422,
      "support": 792.0
    },
    "accuracy": 0.857362434675684,
    "macro avg": {
      "precision": 0.8184386285554135,
      "recall": 0.7751455534622946,
      "f1-score": 0.7928873852463245,
      "support": 3253.0
    },
    "weighted avg": {
      "precision": 0.8515665390167758,
      "recall": 0.857362434675684,
      "f1-score": 0.8521760119667657,
      "support": 3253.0
    }
  }
}