{
  "task": "stance_liar",
  "liar_split": "test",
  "n": 1267,
  "accuracy": 0.489344909234412,
  "macro_f1": 0.48751624504640173,
  "device": "cuda (Tesla T4)",
  "checkpoint": "/content/Remix-fnd/benchmark_runs/20260322T135657Z/stance/best_model.pt",
  "sklearn_report": {
    "0": {
      "precision": 0.5242290748898678,
      "recall": 0.5300668151447662,
      "f1-score": 0.5271317829457365,
      "support": 449.0
    },
    "1": {
      "precision": 0.47678018575851394,
      "recall": 0.45161290322580644,
      "f1-score": 0.463855421686747,
      "support": 341.0
    },
    "2": {
      "precision": 0.46530612244897956,
      "recall": 0.4779874213836478,
      "f1-score": 0.47156153050672184,
      "support": 477.0
    },
    "accuracy": 0.489344909234412,
    "macro avg": {
      "precision": 0.48877179436578716,
      "recall": 0.48655571325140673,
      "f1-score": 0.48751624504640173,
      "support": 1267.0
    },
    "weighted avg": {
      "precision": 0.4892753894059725,
      "recall": 0.489344909234412,
      "f1-score": 0.4891805204337196,
      "support": 1267.0
    }
  }
}